epoch,loss,mae,val_loss,val_mae
0,1653644288.0,11715.767578125,1637623424.0,13781.609375
1,1625773440.0,14620.3916015625,1633293568.0,15073.634765625
