epoch,loss,mae,val_loss,val_mae
0,1655956480.0,11527.951171875,1639277056.0,13520.1611328125
1,1626353024.0,14449.166015625,1633368192.0,15002.70703125
