epoch,loss,mae,val_loss,val_mae
0,1638437504.0,13327.94921875,1633264768.0,15096.1904296875
1,1624665344.0,15201.3798828125,1633182464.0,15248.2236328125
