epoch,loss,mae,val_loss,val_mae
0,1653662976.0,11714.47265625,1637629184.0,13780.607421875
1,1625775232.0,14619.896484375,1633293696.0,15073.4912109375
