epoch,loss,mae,val_loss,val_mae
0,1639879168.0,12908.947265625,1631126400.0,14960.3564453125
1,1622404736.0,15082.984375,1631403904.0,14844.1513671875
